user_id,email
243,pgray0@cargocollective.com
562,cbrown1@dedecms.com
208,jsullivan2@ifeng.com
778,agonzalez3@i2i.jp
681,sbrooks4@printfriendly.com
897,sburton5@java.com
8,alawrence6@nasa.gov
330,nfranklin7@prweb.com
328,ghunter8@scientificamerican.com
76,sgeorge9@google.com
765,pgrahama@arizona.edu
217,dcunninghamb@cam.ac.uk
541,rrileyc@opera.com
402,amyersd@wired.com
585,rgardnere@netlog.com
493,jruizf@google.fr
939,lreidg@reverbnation.com
86,crobinsonh@163.com
984,sgarretti@ftc.gov
67,mcolej@pinterest.com
416,jbishopk@smugmug.com
53,jmendozal@jugem.jp
13,rcolemanm@reverbnation.com
649,chudsonn@princeton.edu
478,shunto@cargocollective.com
453,pmoorep@nydailynews.com
606,jmurphyq@yellowpages.com
187,mfieldsr@archive.org
428,jprices@blinklist.com
993,tflorest@mozilla.com
384,jcrawfordu@accuweather.com
103,jjonesv@bloomberg.com
812,pmillerw@ucla.edu
233,dsanchezx@accuweather.com
113,cshawy@umn.edu
307,abryantz@newyorker.com
813,awilson10@google.fr
452,ahall11@typepad.com
471,jray12@storify.com
703,mharris13@weebly.com
820,rbryant14@netlog.com
717,jarnold15@nasa.gov
122,jlee16@barnesandnoble.com
807,rowens17@meetup.com
100,tmurphy18@cam.ac.uk
415,aparker19@blogger.com
339,pjames1a@utexas.edu
504,jchavez1b@furl.net
28,areyes1c@ustream.tv
270,rgutierrez1d@godaddy.com
447,gtorres1e@whitehouse.gov
873,bthompson1f@ebay.com
592,agreen1g@about.com
375,rfowler1h@ebay.co.uk
274,bharris1i@telegraph.co.uk
798,rperez1j@moonfruit.com
467,pmurphy1k@dailymotion.com
669,jfields1l@paypal.com
527,lmontgomery1m@cbsnews.com
946,ahill1n@oracle.com
233,kfields1o@irs.gov
865,dwilliamson1p@discovery.com
236,mlong1q@parallels.com
230,bcole1r@wisc.edu
136,dmills1s@purevolume.com
788,kduncan1t@wsj.com
955,tmurray1u@yale.edu
586,rolson1v@pagesperso-orange.fr
607,kcrawford1w@usa.gov
632,bwells1x@live.com
677,bburns1y@pen.io
497,bgarza1z@msn.com
818,pharvey20@scribd.com
646,jdean21@sakura.ne.jp
77,vmontgomery22@zimbio.com
123,jmartinez23@seattletimes.com
599,btorres24@ted.com
315,sparker25@plala.or.jp
989,abell26@bloglines.com
962,rgeorge27@house.gov
991,jmitchell28@storify.com
808,kcastillo29@mlb.com
212,esmith2a@mediafire.com
876,rcarpenter2b@reference.com
361,jperez2c@ask.com
530,mrussell2d@spiegel.de
196,lmeyer2e@shinystat.com
644,ghenry2f@clickbank.net
310,rgordon2g@guardian.co.uk
366,lharrison2h@umich.edu
823,shayes2i@statcounter.com
620,skim2j@furl.net
183,cpayne2k@thetimes.co.uk
276,kpeterson2l@cam.ac.uk
11,spalmer2m@gmpg.org
565,bhunter2n@mayoclinic.com
954,hray2o@wp.com
241,swilson2p@columbia.edu
848,eporter2q@amazon.co.jp
129,thayes2r@multiply.com
75,twagner2s@4shared.com
755,pburns2t@storify.com
119,bnelson2u@soup.io
482,kshaw2v@opensource.org
993,bmatthews2w@elpais.com
566,ajames2x@kickstarter.com
263,jaustin2y@devhub.com
519,trussell2z@cnbc.com
472,jmccoy30@prweb.com
824,nadams31@dedecms.com
611,ejohnson32@amazon.co.uk
56,fhughes33@va.gov
300,bfox34@symantec.com
896,agarcia35@cornell.edu
649,cshaw36@google.com.au
749,jreyes37@europa.eu
118,wgilbert38@tripadvisor.com
817,vfreeman39@ameblo.jp
561,amiller3a@tiny.cc
447,aroberts3b@usatoday.com
565,kharris3c@opera.com
445,cgriffin3d@alibaba.com
798,mfreeman3e@kickstarter.com
123,csnyder3f@nytimes.com
383,jlynch3g@liveinternet.ru
640,swashington3h@addtoany.com
13,rchapman3i@webnode.com
862,jwagner3j@boston.com
226,dgonzales3k@cbslocal.com
806,ewelch3l@amazon.com
624,agordon3m@who.int
951,jray3n@businessweek.com
390,garnold3o@desdev.cn
231,sdean3p@opera.com
690,hlarson3q@webeden.co.uk
291,jcrawford3r@wikia.com
46,briley3s@auda.org.au
608,nmills3t@mayoclinic.com
941,rgutierrez3u@rakuten.co.jp
258,ilewis3v@webnode.com
162,lpeters3w@livejournal.com
98,awagner3x@angelfire.com
829,ckennedy3y@nsw.gov.au
467,jhanson3z@wikipedia.org
2,dbailey40@dmoz.org
729,dcarter41@miibeian.gov.cn
656,jhowell42@mashable.com
253,llawson43@unicef.org
565,abutler44@shareasale.com
788,mwoods45@multiply.com
833,jharris46@squarespace.com
183,lnguyen47@jalbum.net
455,krose48@angelfire.com
7,klittle49@latimes.com
672,pchavez4a@unc.edu
674,rnichols4b@sbwire.com
342,jbennett4c@google.ca
334,gcook4d@hugedomains.com
150,ncampbell4e@issuu.com
847,lwright4f@reverbnation.com
790,fharper4g@exblog.jp
213,ajenkins4h@feedburner.com
739,cweaver4i@ucoz.com
139,jtorres4j@baidu.com
69,lrichards4k@cbc.ca
82,cking4l@youku.com
959,whart4m@jimdo.com
892,aferguson4n@privacy.gov.au
330,wgarcia4o@nhs.uk
859,rhall4p@alibaba.com
713,srussell4q@photobucket.com
624,cbryant4r@stanford.edu
320,istanley4s@angelfire.com
219,ssanchez4t@addtoany.com
385,driley4u@mail.ru
462,akennedy4v@altervista.org
428,jwilson4w@edublogs.org
37,sroberts4x@theguardian.com
108,rburke4y@51.la
107,wjohnson4z@businessinsider.com
428,nmorgan50@bigcartel.com
894,jdaniels51@goodreads.com
960,hwillis52@g.co
769,idean53@fotki.com
922,rwright54@time.com
359,wgarrett55@over-blog.com
563,gyoung56@senate.gov
292,lharvey57@163.com
48,jnguyen58@deliciousdays.com
508,bferguson59@hexun.com
464,jbrooks5a@wisc.edu
745,jrichardson5b@blogspot.com
988,jstone5c@nsw.gov.au
600,jmoreno5d@dot.gov
568,dbennett5e@newsvine.com
318,jfranklin5f@mit.edu
849,kmartin5g@examiner.com
52,mrose5h@techcrunch.com
50,mburns5i@psu.edu
196,ccollins5j@salon.com
482,pcampbell5k@weibo.com
39,loliver5l@oracle.com
475,mcarter5m@fema.gov
615,jholmes5n@odnoklassniki.ru
373,rgrant5o@bravesites.com
525,bfowler5p@mail.ru
250,jhayes5q@webnode.com
822,wburns5r@rambler.ru
941,bmorrison5s@twitter.com
614,rhenry5t@clickbank.net
64,mfowler5u@simplemachines.org
23,jcollins5v@blogtalkradio.com
552,jstevens5w@bloomberg.com
16,rlee5x@list-manage.com
733,dmccoy5y@techcrunch.com
38,bhawkins5z@theglobeandmail.com
489,wchavez60@whitehouse.gov
131,sperry61@springer.com
384,kfox62@mozilla.com
807,dkennedy63@omniture.com
786,dcarter64@bbb.org
211,bwarren65@homestead.com
166,astephens66@buzzfeed.com
294,plopez67@umn.edu
28,gwhite68@amazon.de
464,dwagner69@dell.com
29,jmorgan6a@nasa.gov
175,jriley6b@github.io
998,tromero6c@biblegateway.com
407,wfreeman6d@wikimedia.org
712,froberts6e@dailymotion.com
881,eferguson6f@biblegateway.com
878,sporter6g@facebook.com
645,mcarpenter6h@discovery.com
991,whayes6i@abc.net.au
773,llynch6j@cmu.edu
845,smitchell6k@ovh.net
973,ngrant6l@uol.com.br
588,darmstrong6m@reddit.com
50,jclark6n@reverbnation.com
355,jortiz6o@1und1.de
488,cnelson6p@paypal.com
619,bharris6q@nyu.edu
370,alee6r@biblegateway.com
55,jboyd6s@feedburner.com
998,tcastillo6t@myspace.com
471,jjohnson6u@prweb.com
562,aburton6v@redcross.org
891,kboyd6w@cmu.edu
916,amills6x@forbes.com
699,smeyer6y@wsj.com
623,lpowell6z@last.fm
889,pmorrison70@berkeley.edu
26,kwebb71@moonfruit.com
527,kgordon72@techcrunch.com
131,adixon73@google.com.br
226,jgilbert74@sourceforge.net
711,kfrazier75@printfriendly.com
637,rkelley76@freewebs.com
339,amoore77@loc.gov
294,lgibson78@shinystat.com
323,kramirez79@netscape.com
966,sburns7a@bizjournals.com
563,jmartinez7b@gnu.org
493,dwest7c@spotify.com
205,acole7d@nsw.gov.au
567,bknight7e@twitter.com
292,jcarpenter7f@ftc.gov
375,aedwards7g@shareasale.com
78,pmitchell7h@histats.com
386,apatterson7i@de.vu
701,lgilbert7j@hibu.com
68,bsmith7k@xinhuanet.com
851,jberry7l@squidoo.com
412,wgray7m@archive.org
268,jkelly7n@imageshack.us
171,krogers7o@google.de
264,rfreeman7p@diigo.com
86,mmiller7q@pagesperso-orange.fr
720,lrichards7r@ucla.edu
268,jgilbert7s@bigcartel.com
31,rjordan7t@stanford.edu
345,astone7u@dmoz.org
229,rwells7v@spiegel.de
847,rnelson7w@wiley.com
836,lgrant7x@cbslocal.com
51,mrichardson7y@eepurl.com
735,ckennedy7z@timesonline.co.uk
721,dlane80@tinyurl.com
53,jmarshall81@scribd.com
190,eanderson82@virginia.edu
540,jbell83@constantcontact.com
136,tthomas84@mediafire.com
177,dstanley85@hubpages.com
405,bross86@rakuten.co.jp
707,wcook87@elegantthemes.com
952,rwheeler88@typepad.com
370,nreyes89@google.ru
420,nshaw8a@archive.org
89,dstone8b@howstuffworks.com
702,msimmons8c@bravesites.com
215,joliver8d@answers.com
410,moliver8e@taobao.com
195,rbowman8f@friendfeed.com
995,aarmstrong8g@npr.org
932,jfields8h@yolasite.com
490,pwillis8i@sciencedirect.com
55,nolson8j@posterous.com
386,bvasquez8k@whitehouse.gov
177,dburke8l@nhs.uk
197,tnichols8m@cbslocal.com
652,nporter8n@princeton.edu
725,mmarshall8o@usda.gov
590,dmorrison8p@oracle.com
967,tgardner8q@msu.edu
985,probertson8r@flavors.me
573,jhamilton8s@360.cn
770,ahughes8t@newyorker.com
692,ehenderson8u@mtv.com
67,elarson8v@senate.gov
566,agriffin8w@csmonitor.com
748,areyes8x@blog.com
968,rthomas8y@taobao.com
531,epeterson8z@i2i.jp
671,arobinson90@chronoengine.com
444,creynolds91@example.com
508,shunter92@zimbio.com
822,marmstrong93@comsenz.com
251,ljackson94@uol.com.br
613,ggardner95@narod.ru
10,rboyd96@github.io
892,tlopez97@hp.com
168,kwright98@cornell.edu
943,dcunningham99@360.cn
399,croberts9a@spiegel.de
919,sbell9b@booking.com
491,hgeorge9c@angelfire.com
133,tfowler9d@earthlink.net
408,rfox9e@guardian.co.uk
254,raustin9f@vistaprint.com
631,srobinson9g@apache.org
723,jwebb9h@theguardian.com
905,ageorge9i@friendfeed.com
628,jdaniels9j@storify.com
60,adaniels9k@kickstarter.com
496,cbowman9l@unblog.fr
325,rwood9m@wsj.com
223,kberry9n@mashable.com
811,rmartinez9o@1und1.de
35,sjacobs9p@altervista.org
658,sharvey9q@washingtonpost.com
22,aweaver9r@businessweek.com
364,jcooper9s@home.pl
262,avasquez9t@jigsy.com
89,mholmes9u@tinyurl.com
264,cdean9v@fotki.com
858,pmccoy9w@businessweek.com
998,pwilliams9x@usatoday.com
231,mpeterson9y@feedburner.com
261,abowman9z@flickr.com
43,gryana0@alexa.com
202,sgonzaleza1@posterous.com
207,lwoodsa2@craigslist.org
249,mcruza3@drupal.org
382,dschmidta4@icq.com
393,rpetersona5@arstechnica.com
174,pdanielsa6@ehow.com
335,jriveraa7@dailymotion.com
545,scoopera8@moonfruit.com
138,kgarciaa9@printfriendly.com
149,jtayloraa@si.edu
572,gfernandezab@nsw.gov.au
74,rmartinac@geocities.com
680,chudsonad@oaic.gov.au
114,cbryantae@biblegateway.com
580,cjonesaf@tmall.com
12,dstanleyag@adobe.com
895,mhillah@sphinn.com
970,rgonzalezai@list-manage.com
726,cmontgomeryaj@ted.com
14,eperkinsak@springer.com
987,cwilsonal@technorati.com
159,enicholsam@oakley.com
856,dcolemanan@php.net
529,arileyao@ocn.ne.jp
2,mharrisap@si.edu
173,crobertsonaq@barnesandnoble.com
897,tcolear@ca.gov
650,dlawrenceas@vistaprint.com
261,sbryantat@sakura.ne.jp
642,pfullerau@shinystat.com
2,drodriguezav@feedburner.com
338,tbellaw@wp.com
876,shernandezax@privacy.gov.au
717,jriceay@guardian.co.uk
660,rbradleyaz@example.com
242,rgreenb0@wikipedia.org
258,jhamiltonb1@google.ca
686,bpayneb2@deviantart.com
529,hclarkb3@noaa.gov
704,hriceb4@list-manage.com
700,lmillerb5@sfgate.com
462,jduncanb6@nymag.com
925,rwagnerb7@google.es
548,mmorrisonb8@thetimes.co.uk
24,cgrahamb9@cam.ac.uk
395,mgilbertba@multiply.com
947,dwheelerbb@parallels.com
624,dkingbc@paginegialle.it
947,egutierrezbd@rambler.ru
726,ckelleybe@fc2.com
489,jphillipsbf@microsoft.com
299,padamsbg@shutterfly.com
308,bmillerbh@surveymonkey.com
852,awhitebi@dot.gov
203,lcarpenterbj@sun.com
821,jmorrisbk@businessinsider.com
392,hrobinsonbl@forbes.com
578,jfreemanbm@loc.gov
458,wpalmerbn@dailymotion.com
877,ltorresbo@tripod.com
162,bjohnstonbp@stanford.edu
130,gstonebq@artisteer.com
863,llarsonbr@huffingtonpost.com
614,rfranklinbs@soup.io
515,shughesbt@hostgator.com
78,rlarsonbu@t.co
634,hfullerbv@ca.gov
916,pcookbw@booking.com
665,acoxbx@discuz.net
328,twoodby@theatlantic.com
544,hgutierrezbz@dailymotion.com
320,jfisherc0@naver.com
408,rlopezc1@imgur.com
302,jallenc2@hhs.gov
290,dperkinsc3@delicious.com
42,wnelsonc4@independent.co.uk
889,pbakerc5@hatena.ne.jp
4,amorrisc6@scientificamerican.com
763,pmorrisonc7@theatlantic.com
545,phayesc8@yale.edu
147,whuntc9@dot.gov
469,cturnerca@google.fr
27,adanielscb@independent.co.uk
359,rdaviscc@yahoo.com
839,shamiltoncd@examiner.com
358,rrogersce@hao123.com
697,wwashingtoncf@liveinternet.ru
378,mgardnercg@ucoz.ru
348,ccolech@nps.gov
367,cchapmanci@boston.com
963,jlawsoncj@tinypic.com
602,gwatkinsck@nydailynews.com
340,sknightcl@nbcnews.com
553,jlongcm@irs.gov
742,dwhitecn@chicagotribune.com
734,clynchco@bigcartel.com
234,rgarzacp@ovh.net
563,rcoopercq@boston.com
178,sjacobscr@ibm.com
822,tjacobscs@boston.com
392,gdiazct@tumblr.com
236,dphillipscu@4shared.com
254,bjonescv@cocolog-nifty.com
499,rhamiltoncw@sitemeter.com
19,jvasquezcx@ning.com
763,kwestcy@discuz.net
309,rmillercz@smh.com.au
729,pwelchd0@tamu.edu
493,hlawsond1@quantcast.com
898,ccruzd2@princeton.edu
421,dhunterd3@unblog.fr
710,kmatthewsd4@cornell.edu
152,rgomezd5@ehow.com
230,lburked6@smh.com.au
202,mbennettd7@bloomberg.com
380,aburked8@mozilla.org
139,sweaverd9@nsw.gov.au
150,jlawrenceda@berkeley.edu
971,kriveradb@yale.edu
475,dweaverdc@jugem.jp
297,tparkerdd@youtube.com
987,rgreende@hc360.com
125,ddeandf@wisc.edu
488,lcrawforddg@aboutads.info
937,cknightdh@netscape.com
995,amontgomerydi@telegraph.co.uk
499,lgomezdj@huffingtonpost.com
602,twellsdk@cpanel.net
180,vhowarddl@ocn.ne.jp
971,csmithdm@histats.com
910,rhicksdn@google.cn
937,wevansdo@harvard.edu
444,jallendp@geocities.jp
177,jjohnsondq@yellowbook.com
790,kcrawforddr@china.com.cn
690,mwoodsds@paginegialle.it
798,brossdt@smh.com.au
199,pmillsdu@cyberchimps.com
398,jlawrencedv@google.de
385,srobinsondw@cbsnews.com
145,dwarrendx@shareasale.com
247,rgarzady@icq.com
181,jfoxdz@ox.ac.uk
199,tmooree0@deviantart.com
804,nweste1@plala.or.jp
947,blanee2@tinypic.com
92,priverae3@cpanel.net
627,mharpere4@imageshack.us
752,khenrye5@tiny.cc
953,rburkee6@newyorker.com
493,jharrisone7@illinois.edu
595,hnguyene8@163.com
314,rgarrette9@1und1.de
993,vgarrettea@guardian.co.uk
874,jkennedyeb@google.com.au
660,kromeroec@utexas.edu
972,sryaned@dyndns.org
374,mburkeee@telegraph.co.uk
534,mromeroef@bloglovin.com
172,kbakereg@noaa.gov
372,csimmonseh@sakura.ne.jp
230,gkellyei@51.la
767,tpayneej@lycos.com
291,sramirezek@mashable.com
717,celliottel@live.com
732,dreedem@alexa.com
818,cjordanen@omniture.com
429,lwebbeo@cnet.com
564,psanchezep@economist.com
750,rmarshalleq@domainmarket.com
407,brosser@bbc.co.uk
310,sbelles@lycos.com
321,amoraleset@pen.io
130,asimpsoneu@springer.com
1,smartinev@latimes.com
208,sreidew@ycombinator.com
222,wmorenoex@marketwatch.com
387,drichardsey@php.net
553,swalkerez@earthlink.net
43,lstephensf0@reverbnation.com
492,aspencerf1@baidu.com
695,rkellyf2@baidu.com
233,jgibsonf3@scientificamerican.com
990,pfordf4@1und1.de
499,ahunterf5@opera.com
233,jallenf6@sphinn.com
492,jrichardsf7@census.gov
661,acolemanf8@harvard.edu
598,parnoldf9@unesco.org
474,drussellfa@w3.org
703,bfernandezfb@bloomberg.com
566,fwoodsfc@statcounter.com
5,jhansonfd@seesaa.net
761,mmasonfe@vk.com
668,eboydff@wisc.edu
145,ccarpenterfg@google.com.br
517,rpiercefh@springer.com
670,sandersonfi@ucoz.com
228,bgomezfj@wsj.com
551,khartfk@jugem.jp
840,cphillipsfl@dagondesign.com
23,efordfm@comcast.net
876,kreidfn@posterous.com
723,tfosterfo@wikispaces.com
272,aporterfp@patch.com
117,druizfq@cnet.com
869,elopezfr@yandex.ru
861,dpalmerfs@goo.gl
537,imorrisft@etsy.com
16,dkingfu@naver.com
859,dsimpsonfv@privacy.gov.au
549,awellsfw@ning.com
243,lharrisfx@furl.net
86,dkingfy@shutterfly.com
371,prileyfz@discuz.net
949,csandersg0@ebay.com
30,jhernandezg1@github.com
388,pperryg2@sina.com.cn
195,aphillipsg3@example.com
453,jshawg4@cornell.edu
709,lelliottg5@webs.com
817,jhunterg6@ft.com
860,lcarterg7@buzzfeed.com
756,soliverg8@techcrunch.com
289,wperryg9@state.tx.us
479,srodriguezga@marketwatch.com
293,mholmesgb@skyrock.com
606,pcoxgc@springer.com
374,ebowmangd@facebook.com
964,ajohnstonge@merriam-webster.com
105,pblackgf@edublogs.org
601,mlarsongg@bandcamp.com
624,bchapmangh@msn.com
745,rhudsongi@upenn.edu
6,jhayesgj@hao123.com
464,rallengk@samsung.com
51,rwheelergl@admin.ch
880,jburkegm@nyu.edu
822,tblackgn@wordpress.com
881,mhuntgo@sakura.ne.jp
561,bgibsongp@csmonitor.com
651,wvasquezgq@yolasite.com
491,hsimmonsgr@1und1.de
884,ahansongs@economist.com
656,jgordongt@ucla.edu
642,mmasongu@booking.com
417,lgibsongv@tuttocitta.it
488,jadamsgw@dion.ne.jp
755,abrowngx@goo.ne.jp
881,jsullivangy@acquirethisname.com
213,areynoldsgz@nbcnews.com
880,ppriceh0@va.gov
450,pwagnerh1@shareasale.com
984,mmeyerh2@yelp.com
633,fmoralesh3@redcross.org
209,jmitchellh4@bandcamp.com
134,smurrayh5@wired.com
235,hmorrish6@surveymonkey.com
994,sreynoldsh7@sakura.ne.jp
140,kbowmanh8@google.nl
976,mburnsh9@nba.com
598,rcarrha@4shared.com
177,jjameshb@imdb.com
232,wwebbhc@msn.com
876,ewarrenhd@lycos.com
170,lharperhe@comcast.net
853,mwelchhf@cdbaby.com
110,jmoraleshg@tripod.com
390,rjohnstonhh@unc.edu
921,dturnerhi@archive.org
20,dgarzahj@prnewswire.com
993,nlarsonhk@tuttocitta.it
747,kedwardshl@flavors.me
791,hgranthm@boston.com
159,pbishophn@aol.com
120,rmeyerho@theglobeandmail.com
14,lcunninghamhp@quantcast.com
390,eberryhq@163.com
842,gwashingtonhr@godaddy.com
997,phendersonhs@go.com
78,ssullivanht@feedburner.com
633,mhunterhu@imgur.com
441,fpetersonhv@whitehouse.gov
456,chayeshw@zimbio.com
182,mjordanhx@ycombinator.com
52,wgeorgehy@spiegel.de
76,bstevenshz@un.org
392,tmccoyi0@slideshare.net
720,phansoni1@posterous.com
973,ddanielsi2@cdc.gov
783,mrichardsoni3@csmonitor.com
91,laustini4@geocities.jp
138,whendersoni5@cafepress.com
494,cmarshalli6@princeton.edu
852,swarreni7@google.com.br
131,khanseni8@pagesperso-orange.fr
331,cmorrisi9@tuttocitta.it
24,lmarshallia@cisco.com
563,kellisib@amazon.co.uk
665,jfowleric@hatena.ne.jp
693,tdayid@i2i.jp
447,dmurrayie@weather.com
247,jlongif@wix.com
66,acarterig@biglobe.ne.jp
778,wmartinezih@taobao.com
660,rgibsonii@zimbio.com
917,rbaileyij@statcounter.com
785,emorganik@rambler.ru
534,bholmesil@ucoz.ru
625,jharperim@vkontakte.ru
279,lschmidtin@cdc.gov
391,kellisio@census.gov
683,jwheelerip@google.ru
480,malleniq@va.gov
589,smyersir@github.com
740,esandersis@sakura.ne.jp
987,jwhiteit@cargocollective.com
387,jburtoniu@comsenz.com
164,crusselliv@adobe.com
890,jwallaceiw@bandcamp.com
919,rturnerix@slashdot.org
108,rgreeneiy@wikimedia.org
646,jhughesiz@livejournal.com
426,jryanj0@xinhuanet.com
23,jfordj1@huffingtonpost.com
612,phuntj2@bluehost.com
916,pberryj3@meetup.com
251,nhartj4@eepurl.com
25,dcruzj5@pinterest.com
941,jnelsonj6@weibo.com
251,jhayesj7@accuweather.com
462,jhendersonj8@prlog.org
787,rmurphyj9@shinystat.com
376,khudsonja@imageshack.us
673,jwoodsjb@sun.com
714,adiazjc@un.org
829,lstonejd@plala.or.jp
117,aowensje@studiopress.com
794,jlawrencejf@1688.com
799,smarshalljg@elegantthemes.com
489,jwillisjh@furl.net
697,ajohnsonji@globo.com
601,briverajj@ow.ly
691,kaustinjk@so-net.ne.jp
111,kburnsjl@wp.com
947,kboydjm@nymag.com
315,gclarkjn@shutterfly.com
992,agreenejo@google.ru
895,jmarshalljp@wunderground.com
421,sgonzalesjq@so-net.ne.jp
914,tromerojr@buzzfeed.com
169,ppalmerjs@cdc.gov
216,aberryjt@timesonline.co.uk
104,tgreeneju@lulu.com
703,klittlejv@paginegialle.it
507,mrobertsjw@dropbox.com
771,jwheelerjx@mozilla.org
766,rwestjy@japanpost.jp
56,ballenjz@dion.ne.jp
766,myoungk0@free.fr
553,cbarnesk1@ft.com
708,kmarshallk2@mtv.com
266,cortizk3@sogou.com
544,pbrownk4@amazon.co.jp
451,charrisk5@salon.com
721,hphillipsk6@imdb.com
664,jfoxk7@w3.org
15,aellisk8@pen.io
926,cjonesk9@hp.com
194,jhansenka@hc360.com
79,ndaviskb@pen.io
401,rwilliamskc@google.com.au
213,cwardkd@gov.uk
221,rlittleke@mediafire.com
191,swelchkf@gravatar.com
587,alanekg@comcast.net
75,rrobertskh@ed.gov
255,ahenryki@zdnet.com
872,sfoxkj@china.com.cn
537,aramirezkk@sun.com
113,sarnoldkl@comcast.net
328,kpattersonkm@w3.org
514,swrightkn@msn.com
289,kkingko@paypal.com
599,mtorreskp@cbslocal.com
965,lbutlerkq@imdb.com
846,rhendersonkr@oracle.com
833,acastilloks@bbb.org
201,hbellkt@is.gd
388,ddixonku@mit.edu
675,telliottkv@cloudflare.com
255,wsmithkw@linkedin.com
730,mhansonkx@themeforest.net
218,mbakerky@harvard.edu
239,vfisherkz@seesaa.net
237,ahowelll0@princeton.edu
571,dscottl1@so-net.ne.jp
611,phendersonl2@springer.com
826,rcarpenterl3@scientificamerican.com
666,rcolel4@chicagotribune.com
44,lscottl5@homestead.com
407,jbryantl6@forbes.com
370,mporterl7@microsoft.com
507,jwelchl8@slate.com
161,kgrahaml9@usgs.gov
587,dtaylorla@baidu.com
392,jrileylb@myspace.com
287,bcunninghamlc@harvard.edu
139,rreidld@wikia.com
56,dmartinezle@cisco.com
603,sjacobslf@mediafire.com
366,jknightlg@nyu.edu
148,sfisherlh@huffingtonpost.com
203,rmeyerli@ed.gov
864,pbradleylj@bloglines.com
222,dsanchezlk@cloudflare.com
16,hmorrisll@netvibes.com
256,jgardnerlm@edublogs.org
461,brayln@msu.edu
769,rfoxlo@marriott.com
180,sdunnlp@opera.com
79,kjacobslq@about.com
587,bhenrylr@reuters.com
841,ecarrls@google.nl
799,lhenrylt@ameblo.jp
539,rberrylu@github.com
555,farnoldlv@mapy.cz
738,tjoneslw@howstuffworks.com
440,haustinlx@scribd.com
463,kbaileyly@kickstarter.com
77,ldanielslz@google.it
473,smccoym0@samsung.com
758,afernandezm1@naver.com
747,npiercem2@mashable.com
39,kbellm3@google.com.br
462,pfranklinm4@delicious.com
31,jkingm5@tripadvisor.com
827,scooperm6@nyu.edu
863,lrossm7@berkeley.edu
119,jmorganm8@chicagotribune.com
900,awatsonm9@drupal.org
477,bbrooksma@sfgate.com
284,wjohnstonmb@toplist.cz
940,acookmc@hao123.com
351,imillermd@tumblr.com
971,ajohnstonme@tripadvisor.com
386,jburnsmf@posterous.com
841,charrismg@microsoft.com
704,mwhitemh@360.cn
972,kmarshallmi@joomla.org
957,pgrahammj@admin.ch
906,pperkinsmk@myspace.com
230,kshawml@lycos.com
106,pperkinsmm@fc2.com
535,gsmithmn@last.fm
944,jschmidtmo@gizmodo.com
688,clawrencemp@tinypic.com
216,pjacobsmq@sfgate.com
677,ddiazmr@cmu.edu
396,asnyderms@addthis.com
633,jfordmt@yandex.ru
502,mkelleymu@reuters.com
169,jmurraymv@guardian.co.uk
946,kwoodmw@w3.org
679,ngonzalesmx@time.com
222,kmatthewsmy@smh.com.au
127,tlarsonmz@imdb.com
789,rsandersn0@geocities.jp
992,jmartinn1@slideshare.net
295,jbanksn2@goo.ne.jp
393,wmurphyn3@mozilla.com
671,msimmonsn4@scribd.com
618,ksandersn5@reuters.com
889,kevansn6@usatoday.com
186,sfordn7@jigsy.com
4,cjonesn8@nifty.com
556,wmitchelln9@sohu.com
223,mjamesna@npr.org
830,wwarrennb@chron.com
685,mramosnc@arizona.edu
221,khawkinsnd@amazon.de
258,lmendozane@csmonitor.com
195,sfernandeznf@imdb.com
730,kmedinang@go.com
243,rcarternh@cpanel.net
82,lhansenni@buzzfeed.com
877,salvareznj@cnbc.com
538,ctaylornk@youtu.be
977,srileynl@bloomberg.com
371,briveranm@blogger.com
829,njordannn@npr.org
753,dperezno@marriott.com
202,sjenkinsnp@nasa.gov
38,jcarternq@washington.edu
78,bgarrettnr@slideshare.net
940,pwillisns@forbes.com
630,jbrownnt@1und1.de
227,badamsnu@dailymotion.com
108,asandersnv@sciencedirect.com
160,rnelsonnw@about.com
128,jwhitenx@ebay.com
478,astoneny@deliciousdays.com
858,jburnsnz@amazon.de
605,rgordono0@wordpress.org
976,rhamiltono1@aboutads.info
203,redwardso2@chronoengine.com
471,mpayneo3@sbwire.com
899,prichardso4@reuters.com
400,dgrahamo5@comcast.net
663,mfieldso6@lulu.com
81,lcruzo7@mapy.cz
502,hthompsono8@deliciousdays.com
784,lcarro9@hatena.ne.jp
434,ashawoa@cmu.edu
478,rcarpenterob@storify.com
137,jberryoc@kickstarter.com
634,jblackod@tinypic.com
78,tcruzoe@free.fr
316,kstanleyof@reference.com
913,ahenryog@cam.ac.uk
2,rhartoh@i2i.jp
589,kbanksoi@surveymonkey.com
571,pmillsoj@wordpress.com
375,bboydok@myspace.com
157,jrodriguezol@slideshare.net
919,nsimpsonom@indiegogo.com
520,mrodriguezon@amazon.co.jp
792,lcampbelloo@sitemeter.com
373,dhughesop@hugedomains.com
395,aarmstrongoq@google.pl
523,jstewartor@feedburner.com
933,ewardos@comcast.net
96,bpalmerot@nih.gov
995,ajordanou@spotify.com
718,kgilbertov@reddit.com
720,nwarrenow@angelfire.com
767,afoxox@cnet.com
830,wjacobsoy@xrea.com
867,blewisoz@google.co.uk
129,sbryantp0@army.mil
316,fgordonp1@msu.edu
208,mfranklinp2@foxnews.com
900,dcolep3@umich.edu
378,lmillsp4@psu.edu
112,ifordp5@tinyurl.com
72,adanielsp6@youku.com
87,eruizp7@amazon.co.uk
999,agrahamp8@facebook.com
190,jjacksonp9@cmu.edu
285,slawrencepa@privacy.gov.au
909,cbennettpb@geocities.jp
481,cbutlerpc@1und1.de
43,mhendersonpd@ning.com
617,fbennettpe@wsj.com
771,jfosterpf@taobao.com
547,hpattersonpg@nationalgeographic.com
809,wgonzalezph@fastcompany.com
985,estonepi@spotify.com
311,showellpj@sakura.ne.jp
87,pbradleypk@vimeo.com
554,ggibsonpl@blog.com
288,brichardspm@aol.com
335,tcolemanpn@elegantthemes.com
774,jlanepo@sfgate.com
862,wgreenepp@ucoz.com
939,shansenpq@indiegogo.com
684,ccarrpr@boston.com
439,trayps@fema.gov
150,cleept@bizjournals.com
157,hharrispu@pagesperso-orange.fr
751,sblackpv@weebly.com
63,cwestpw@pen.io
40,frichardsonpx@time.com
529,apaynepy@csmonitor.com
108,srichardsonpz@ihg.com
371,rcollinsq0@shinystat.com
247,awheelerq1@auda.org.au
15,helliottq2@youtu.be
61,apayneq3@hubpages.com
777,rjacobsq4@senate.gov
253,mgrahamq5@npr.org
72,sdeanq6@sphinn.com
479,rkelleyq7@google.de
448,nmccoyq8@lycos.com
833,hwardq9@gizmodo.com
207,rsimmonsqa@google.com.hk
428,chicksqb@wikipedia.org
611,rwebbqc@wikipedia.org
744,lsimmonsqd@mapy.cz
963,flarsonqe@istockphoto.com
266,dellisqf@huffingtonpost.com
674,cgriffinqg@state.gov
704,lcoxqh@prnewswire.com
272,driveraqi@jugem.jp
577,chernandezqj@dell.com
584,jrileyqk@indiatimes.com
785,rblackql@freewebs.com
26,solsonqm@apache.org
852,bspencerqn@ucoz.com
441,bcunninghamqo@omniture.com
929,aellisqp@miibeian.gov.cn
934,tpattersonqq@wisc.edu
933,ngomezqr@admin.ch
844,jrobertsonqs@intel.com
809,mrichardsonqt@java.com
404,tchavezqu@mapquest.com
116,dhowardqv@china.com.cn
338,jcunninghamqw@columbia.edu
820,esmithqx@1688.com
857,jrileyqy@xing.com
542,tfieldsqz@instagram.com
405,gwashingtonr0@weebly.com
328,bsnyderr1@g.co
554,rgarzar2@businessinsider.com
808,vandersonr3@si.edu
320,lrichardsonr4@cargocollective.com
74,jandrewsr5@mozilla.com
254,mrussellr6@usa.gov
932,afowlerr7@ihg.com
292,whamiltonr8@youtube.com
934,rbrooksr9@google.de
239,apowellra@wikispaces.com
938,lrileyrb@java.com
693,epetersonrc@archive.org
143,bmurrayrd@domainmarket.com
540,krosere@adobe.com
43,lgonzalezrf@twitpic.com
319,jmarshallrg@umn.edu
720,vwardrh@gov.uk
451,jfordri@wikimedia.org
934,gstevensrj@epa.gov
634,rlewisrk@cpanel.net
324,karmstrongrl@businesswire.com
851,mwatsonrm@webmd.com
664,smendozarn@npr.org
535,cfisherro@ehow.com
319,rbrownrp@angelfire.com
150,jrichardsrq@apple.com
586,mbowmanrr@wordpress.org
