first_name,last_name
Bobby,Hunt
Kathy,Rose
Thomas,Johnston
Katherine,Fuller
Terry,Bowman
Pamela,Martinez
Jerry,Henderson
Gloria,Peters
Carolyn,Rice
Robert,Hill
Carol,Lawson
David,Hudson
Roy,Bradley
Thomas,Wells
Lois,Burns
Heather,Carter
Margaret,Ortiz
Jason,Holmes
Paul,Austin
Terry,Wallace
Phillip,Burns
Phyllis,Morgan
Roger,Johnston
Paula,Vasquez
Albert,Green
Emily,Spencer
Annie,Freeman
Chris,Holmes
Ashley,Rose
Diana,Richards
Judith,Burns
Rebecca,Pierce
Shawn,Richards
Keith,Romero
Joshua,Howell
Andrea,Nelson
Barbara,Murphy
Anna,Evans
Jeffrey,Owens
Irene,Wagner
Craig,Wood
Phillip,Hayes
Victor,Nichols
Joe,Sullivan
Lillian,Price
Julie,Collins
Scott,Morales
David,Sanchez
Peter,Miller
Julia,Hughes
Shawn,Green
Ann,Watkins
Judy,Harrison
Steven,Elliott
Frank,Willis
Denise,Reid
Ruth,Rice
Debra,Peters
Justin,Gray
Lawrence,Spencer
Karen,Moore
William,Campbell
Louis,Hamilton
Ryan,Patterson
Joshua,Nguyen
Kathryn,Gibson
Tina,Fowler
Raymond,Kim
Roy,Rodriguez
Christopher,Sims
Jesse,Willis
Andrew,Bailey
Shirley,Walker
Tina,Watson
Fred,Fuller
Walter,Bailey
Michael,Harper
Daniel,Robertson
Gregory,Price
Anthony,Cruz
Benjamin,Olson
Russell,Gardner
Nicole,Fowler
Sharon,Moore
Anna,Ross
Mark,Cox
Jerry,Wilson
John,Montgomery
Jesse,Gibson
Jose,Young
Shirley,Lawson
Alan,Wood
Douglas,Gilbert
Gregory,Romero
Roger,Cook
William,Daniels
Andrea,Moreno
Jeffrey,Graham
Linda,Campbell
Douglas,Lawrence
Chris,Franklin
Stephen,Tucker
Samuel,Hunt
Lois,Nguyen
Phyllis,Martinez
Pamela,Jackson
Ashley,Day
Benjamin,Gomez
William,Carroll
Todd,Bowman
Carlos,Davis
Stephanie,Graham
Ronald,Torres
Janet,Daniels
Paul,Hunt
Wanda,Fox
Sara,Bradley
Christopher,Thompson
Susan,Perkins
Carlos,Garcia
Lawrence,Stephens
Linda,Riley
Wayne,Young
Jose,Lewis
Susan,Marshall
Gerald,Hill
Alice,Young
Craig,Hawkins
Anne,Stone
Annie,Perkins
Paula,Crawford
Theresa,Ryan
Patrick,Frazier
Peter,Ford
Jane,Rodriguez
Helen,Nichols
Sean,Freeman
Eugene,Crawford
Justin,George
Nancy,Shaw
Rachel,Wood
Pamela,Lawrence
Edward,Hanson
Gary,Romero
Stephen,Harrison
Harry,Davis
Philip,Walker
Julie,Martin
Diane,Barnes
Irene,Thompson
Ruth,Ward
Patricia,Carr
Lori,Gonzales
Jesse,Hayes
Lori,Ryan
Peter,Adams
Deborah,Nichols
Marilyn,Burns
Roger,Dean
Lisa,Stone
Billy,Hunt
Jennifer,Kennedy
Joan,Hicks
Jerry,Ferguson
Jeremy,Burns
Patricia,Reid
Frank,Moore
Jose,Black
Gregory,Nguyen
Peter,Holmes
Brandon,Arnold
Douglas,Montgomery
Bruce,Cook
Jean,Fowler
Joe,Gray
Victor,Anderson
Robert,Hicks
Stephen,Miller
Phyllis,Myers
Bobby,Alexander
Ann,Medina
Brian,Howard
Eric,Hawkins
Michael,Ryan
Michael,Young
Shawn,Murray
Sandra,Phillips
Willie,Parker
William,Stone
Anne,Ferguson
Cynthia,Peters
Jonathan,Stevens
Alan,Murphy
Deborah,Kelly
Diane,Powell
Christine,Rogers
Kathy,Butler
Carlos,Wallace
Nicholas,Webb
Carol,Ford
Eric,Parker
Emily,Miller
Heather,Carter
Melissa,West
Roger,Davis
Diane,Washington
Martha,Porter
Paul,Montgomery
George,Gilbert
Randy,Wheeler
William,Adams
Jessica,Harrison
Clarence,Rodriguez
Amy,Ferguson
Christina,Richardson
Dorothy,Alvarez
Deborah,Crawford
Roy,Fowler
Stephanie,Wells
Wayne,Nguyen
Lawrence,Ford
Raymond,Washington
Jane,Bishop
Victor,Davis
William,Mccoy
Frances,Davis
Albert,Garcia
Timothy,White
Emily,Franklin
Shirley,Lee
Billy,Barnes
Raymond,Larson
Melissa,Morrison
Stephen,Holmes
Douglas,Peterson
Kimberly,Cole
Amy,Larson
Juan,Nelson
Andrea,Powell
Fred,Grant
Teresa,Long
Shirley,Hall
Andrea,Andrews
Stephen,Lawrence
Theresa,King
Paula,Jordan
Laura,Chavez
Mildred,Hunter
Keith,Welch
Joe,Dean
Barbara,Kennedy
Walter,Bishop
Scott,Austin
James,Crawford
Harold,Gomez
Katherine,Robertson
Frank,Frazier
Nicole,Bailey
Justin,King
Diane,Rivera
Steven,Williamson
Anne,Spencer
Terry,Andrews
Paula,Medina
Nicole,Evans
Phillip,Marshall
Julie,Adams
Donald,Mendoza
Earl,Ross
Virginia,Nelson
Philip,Willis
Philip,Hicks
Bruce,Anderson
Kevin,Dunn
Jane,Watson
Albert,Gilbert
Barbara,Kim
Margaret,Ford
Samuel,Myers
James,Johnson
Timothy,Murray
Earl,Pierce
Judith,Cole
Anna,Cruz
Peter,Ryan
Steve,Pierce
Carlos,Matthews
Barbara,Lynch
Carl,Butler
Robin,Ross
Carol,Little
Frances,Arnold
William,Romero
Nicole,Schmidt
Douglas,Parker
Paula,Hawkins
Willie,Thomas
Dennis,Wagner
Steve,Washington
Antonio,Ruiz
Gloria,Morrison
Gary,Perkins
Jose,Hanson
Christina,Moreno
Jose,Foster
Linda,Griffin
Robert,Cole
Wayne,Black
Phillip,Cook
Fred,Warren
Alice,Cook
Kathryn,Gordon
Janice,Morgan
Joan,Clark
Scott,Rice
Cynthia,Brooks
Janice,Stanley
Juan,Richardson
Timothy,Morrison
David,Hall
Gloria,Bailey
Wayne,Ross
Shirley,Stephens
Charles,Young
Paula,Alvarez
Teresa,Brown
Janet,Ellis
John,Gibson
Carol,Walker
Teresa,Gray
Jonathan,Hicks
Johnny,Dixon
Pamela,Foster
Paul,Lane
Robert,Johnson
Amanda,Stewart
Scott,Ross
Lillian,Lawrence
Albert,Wright
Sean,Frazier
Lois,Alvarez
Linda,Reyes
Helen,Gonzales
Fred,Nichols
Philip,Simpson
Robin,Rose
Craig,Gomez
Phyllis,Shaw
Howard,Harvey
Robert,Young
John,King
Jonathan,Adams
Martha,Hamilton
Jack,Lee
Annie,Jacobs
Paula,Alvarez
Kelly,Hart
Ann,Hansen
Jane,Gonzalez
Melissa,Sullivan
Ralph,Mills
Phyllis,Lawson
James,Wood
Martin,Butler
Rose,Bell
Julie,Green
Paula,Martinez
Chris,Scott
Helen,Sanchez
James,Peters
Raymond,Dunn
Frank,Burns
Earl,Berry
Brenda,Rogers
Christina,Clark
Joe,Gonzalez
Beverly,Grant
Christina,Roberts
Earl,Burton
Andrea,Jackson
Carl,Brown
Steve,Gilbert
Stephen,Perry
Gregory,Dean
Martin,Morris
Victor,Patterson
Irene,Brooks
Harold,Phillips
Stephen,Carroll
Clarence,Gray
Ruby,Cook
Julie,Myers
Joseph,Greene
Kathy,Hunter
Denise,Lewis
Evelyn,Cook
Angela,Robinson
Jennifer,Hughes
Russell,Jordan
Jessica,Nelson
Andrew,Montgomery
Keith,Brown
Chris,Evans
Randy,West
Shawn,Sullivan
Ronald,Fox
Johnny,Stevens
Robin,Harris
Louis,Romero
Earl,Sullivan
Lillian,Anderson
Juan,Stone
Nancy,Webb
Mildred,Schmidt
Alice,Jackson
Donald,Fowler
Mary,Ferguson
Joseph,Riley
Norma,Harris
Phyllis,Webb
Kimberly,Morrison
Julia,Gutierrez
Mary,Evans
Joseph,Hunt
Rachel,Bennett
Russell,Carter
Jason,Rose
Wayne,Dunn
Lawrence,Nguyen
Denise,Simmons
Virginia,Lawson
Henry,Coleman
Jane,Banks
Russell,Medina
Jose,Elliott
Norma,Wood
Christina,Webb
Helen,Richardson
Barbara,Dean
Philip,Garza
Gregory,Hunter
Irene,Duncan
Mary,Bryant
Carolyn,Wagner
Patrick,Perez
Frances,Armstrong
Keith,Harris
Clarence,Ruiz
Jacqueline,Gonzales
Linda,Woods
Ruby,Jenkins
Eric,Lopez
Sandra,Johnson
Dorothy,Roberts
Helen,Evans
Jonathan,Myers
Jason,Thompson
Ruby,Montgomery
Jesse,Romero
Michelle,Ramos
Robin,Hunter
Helen,Ramirez
Andrea,Moore
Rebecca,Ruiz
Eric,Shaw
Helen,Flores
Kathy,Wells
Jeremy,Long
Emily,Fowler
Fred,Holmes
Gloria,Ray
Cheryl,Gardner
Catherine,Walker
Angela,Ross
Joan,Warren
Brandon,Walker
Earl,Ellis
Denise,King
Ernest,Ellis
Jesse,Kelley
Judith,Robertson
Christine,Bell
Sean,Rogers
Raymond,Ryan
Barbara,Cox
Wanda,Berry
Ann,Dean
Richard,Martin
Eric,Fields
Janet,Cox
Johnny,Fuller
Martin,Brown
Kelly,Howard
Thomas,Romero
Gary,Nichols
Christine,Cooper
Tammy,Rogers
Jose,Sanchez
Jean,Sanders
Nicole,Johnson
Deborah,Hart
Kathryn,Mendoza
Harry,Carpenter
Beverly,Lewis
Paula,Bryant
Philip,Green
Stephen,Lane
Christopher,Fernandez
Amy,Schmidt
Rose,Weaver
Mark,Fuller
Christine,Nichols
Victor,Wood
Lisa,Burke
Susan,Hicks
Bobby,Spencer
Kimberly,Wright
Matthew,Evans
Daniel,Berry
Bonnie,Kelly
Christina,Webb
Christine,Bradley
Martin,Jackson
Norma,Rice
Louise,Gomez
Christine,Larson
Julie,Reyes
Gerald,Robinson
Samuel,Harris
Keith,Mccoy
Christopher,Green
Robin,Jones
Eric,Bennett
Jeremy,Johnson
Sean,Clark
Barbara,Jacobs
Judy,Torres
Evelyn,Gomez
Frank,Olson
Victor,Foster
Amy,Porter
Linda,Hansen
Ashley,Washington
Steve,Riley
Fred,Cunningham
Walter,Ramos
Joshua,Ray
Julie,Cook
Mildred,Ellis
Tina,Moore
Tammy,Crawford
Janet,Larson
Roger,Boyd
Amanda,Stevens
Martha,Crawford
Matthew,Montgomery
Ryan,Rogers
Dorothy,Fields
Nicholas,Nichols
Aaron,Nichols
Nicole,Martinez
Deborah,Bell
Nicole,Hanson
Alice,Ross
Joe,Banks
Brian,Harrison
Lawrence,Boyd
Cheryl,Hunter
Jonathan,Washington
Gregory,Rogers
Maria,Richardson
Ruth,Garcia
Marilyn,Wagner
Steven,Mccoy
Stephanie,Graham
Anthony,Shaw
Ann,Phillips
Ernest,Coleman
Emily,Russell
Judith,Carpenter
Phillip,Marshall
Frances,Howard
Judy,Ramirez
Earl,Ruiz
Tina,Hart
Matthew,Fisher
Arthur,Mendoza
Edward,Marshall
Joshua,Harvey
Michael,Hernandez
Rachel,Fields
Steve,Walker
Evelyn,Hicks
Eric,Mendoza
Jean,Mitchell
Lawrence,Campbell
Mildred,Ellis
Douglas,Porter
Gerald,Cruz
Marie,Castillo
Susan,Warren
Elizabeth,Gonzalez
Paul,Fowler
Nicholas,Harvey
Sandra,Griffin
Carlos,Phillips
Edward,Alvarez
Evelyn,Flores
Edward,Myers
Juan,Griffin
Andrea,Wallace
Jason,Sullivan
Annie,Nguyen
Margaret,Clark
Randy,Ortiz
Mildred,Castillo
Deborah,Carroll
Brian,Edwards
Mildred,Black
Michael,Pierce
Jimmy,Hernandez
Diana,Morales
Susan,West
Louis,Stanley
Heather,James
Howard,Hart
Rebecca,Nguyen
Rose,Ryan
Martin,Garza
Clarence,Gonzales
Jennifer,King
Shawn,Banks
Walter,Jordan
Raymond,Frazier
Todd,Black
Bobby,Alvarez
Cheryl,Cole
Rose,Fields
Pamela,Gibson
Fred,Parker
Aaron,Gilbert
Lisa,Howard
Keith,West
Marilyn,Reed
Gloria,Martin
Carlos,Jackson
Thomas,Campbell
Mary,Hart
Antonio,Henry
Deborah,Scott
Nancy,Wallace
Judith,Elliott
Marilyn,Meyer
Diana,Gutierrez
Jennifer,Rivera
Norma,Reynolds
Rachel,West
Clarence,Carroll
Deborah,Martin
Phillip,Kelley
Bruce,Price
Joshua,Anderson
Eugene,Gilbert
Elizabeth,Moreno
Christine,George
Nancy,Hall
Gerald,Wood
Christine,Sims
Douglas,Anderson
Harold,Walker
Christina,Mcdonald
Carol,Banks
Gloria,Coleman
Timothy,Henry
Julie,Burns
Catherine,Nguyen
Charles,Carr
Betty,Wilson
Dorothy,Dunn
Frank,Palmer
Roy,Mendoza
Karen,Campbell
Gloria,Russell
Lori,Peterson
Jerry,Carroll
Terry,Freeman
Jacqueline,Young
Jeremy,Ward
Martha,Gutierrez
Anthony,Daniels
Barbara,Ruiz
Betty,Bishop
Melissa,Hawkins
Michelle,Kennedy
Emily,Hughes
Ronald,Sims
Timothy,Cruz
Louise,Gibson
Brandon,Kennedy
Gary,Arnold
Beverly,George
Jason,Howell
Kathy,Richards
Janice,Miller
Theresa,Medina
Norma,Hudson
Peter,Henry
Susan,Perkins
Elizabeth,Willis
Julia,King
Carolyn,Wood
Timothy,George
Terry,Ramirez
Douglas,Jacobs
Jason,Elliott
Karen,Carter
Wanda,Payne
Jacqueline,Pierce
Benjamin,Gutierrez
Anna,Medina
Denise,Moreno
Billy,Robertson
Chris,Hunt
Beverly,Montgomery
Evelyn,Richards
Matthew,Lopez
Carlos,Garza
Carlos,Wheeler
Phyllis,Andrews
Christopher,Ferguson
Ernest,Gordon
Kimberly,Romero
Stephanie,Harrison
Paul,Boyd
Henry,Montgomery
Marilyn,Barnes
Johnny,Wright
Maria,Rivera
Jimmy,Davis
Marie,Cole
Scott,James
Randy,Fowler
Helen,Rogers
Margaret,Hanson
Benjamin,Duncan
Margaret,Sims
Carl,Hill
Angela,Daniels
Katherine,Graham
Mary,Wood
Melissa,Allen
Pamela,Ryan
Sean,Myers
Janice,Stewart
Randy,Dunn
Charles,Hall
Dorothy,Mcdonald
Robert,Murphy
Philip,Smith
Daniel,Scott
Carl,Jones
Aaron,Wallace
Victor,Hicks
Anna,Ross
Joseph,Cruz
Ryan,Lee
Jessica,Bell
Annie,Gilbert
Lori,Campbell
Justin,Morrison
Martha,Harper
Kevin,Wells
Julia,Baker
Johnny,Morrison
Chris,Campbell
Stephen,Nichols
Teresa,Taylor
Steve,Perkins
Melissa,Meyer
Gregory,Perez
Thomas,Ford
Paul,Richardson
Ruth,Bell
Deborah,Mills
Deborah,Henry
Harold,Hudson
George,Mcdonald
Karen,Long
Gregory,Fernandez
Angela,Hudson
Julie,Perry
Debra,Jones
Stephen,Kelly
Wayne,Lynch
Katherine,Ross
Cheryl,Reynolds
Kimberly,Sanders
Craig,Pierce
Jennifer,Kennedy
Ralph,Dunn
Angela,Wagner
Carolyn,Little
Lillian,Jordan
Theresa,Lawrence
Aaron,Jackson
Rose,Mason
Kathleen,West
Chris,Phillips
Jacqueline,Martinez
Ann,Lopez
John,Brown
Wanda,Martinez
Andrea,Washington
Joe,Gibson
Bruce,Myers
Robert,Myers
Kenneth,Gardner
Frank,Ryan
Jesse,Hamilton
Matthew,Washington
Judy,Lynch
Carol,Gonzalez
Diane,Reyes
Joan,Frazier
Thomas,Black
Wayne,Mitchell
Raymond,Simpson
Gerald,Lewis
Kenneth,Berry
Willie,Ruiz
Susan,Marshall
Alice,Ellis
Teresa,Garrett
Johnny,Wells
Jane,Richardson
Daniel,Little
Janice,Ford
Lois,Price
Steve,Wilson
Steven,Hudson
Steven,Perkins
Walter,Harrison
Shirley,Lewis
Cynthia,Adams
Christopher,Howell
Irene,Tucker
Victor,Harris
Rebecca,Scott
Jacqueline,Gomez
Judith,Jacobs
Ernest,Snyder
Roy,Phillips
Donald,Reyes
Tammy,Harvey
Wanda,Ross
Carl,Alvarez
Emily,Moore
Margaret,Fernandez
Tammy,Morrison
Anna,Lawrence
Billy,Rose
Gregory,Gilbert
Judith,Wallace
Virginia,Taylor
Anna,Ryan
Anne,Wright
Brenda,Ward
Jane,Chavez
Terry,Snyder
Rose,Scott
Martha,Lawrence
George,Diaz
Stephanie,Sanders
Janice,Martin
Dorothy,Murray
Carolyn,Garcia
Mary,Patterson
Patricia,Perez
Louis,Baker
Barbara,Peterson
Harry,Wood
Cheryl,Gordon
Tina,Dean
Brenda,Reynolds
Harry,Daniels
Randy,Rivera
Bonnie,Hamilton
Chris,Lynch
Debra,Hunt
Lillian,Kelley
Donald,Sanchez
Joe,Rogers
Julia,Flores
Joseph,Hanson
Earl,Black
Lisa,Holmes
James,Howard
Maria,Johnston
Earl,Washington
Todd,Myers
Rebecca,Lopez
Dennis,Ferguson
Joseph,Diaz
Jimmy,Larson
Brandon,Harper
Ryan,Arnold
Nicole,Sanders
Daniel,Harvey
Joshua,Porter
Margaret,Bennett
Julia,Mccoy
Annie,Phillips
Wanda,Richardson
Jane,Austin
Diane,Mccoy
Beverly,Watson
Sean,Shaw
Michael,Nichols
Diana,Henry
Barbara,Crawford
Joyce,Cox
Walter,Alvarez
Virginia,Green
Sarah,Olson
Evelyn,Adams
Anne,Stanley
Christopher,Watkins
Jonathan,Mendoza
Frank,Chapman
Jack,Matthews
Rachel,Carpenter
Bobby,Wagner
Robert,Willis
Andrea,Payne
Timothy,Watkins
Kathleen,Hanson
Stephen,Grant
Katherine,Davis
Mary,Berry
Diana,Reed
Keith,Bishop
Catherine,Carter
Ryan,Little
Sean,Taylor
David,Snyder
Jose,Myers
Julie,Gardner
Jerry,Mills
Christopher,Evans
Anthony,Carr
Margaret,Williamson
Ann,James
Judith,Greene
Randy,Little
Frank,Hamilton
John,Moreno
Nancy,Rose
Eugene,Lawrence
Debra,Hernandez
Keith,Butler
Gregory,Richardson
Donna,Jacobs
Russell,Sims
Kelly,Woods
Raymond,Thompson
Barbara,Alvarez
Lawrence,Simpson
Ernest,Garrett
Anna,Pierce
Barbara,Gray
Craig,Gardner
Laura,Collins
Margaret,Robertson
Theresa,Russell
Catherine,Watson
Ruth,Wright
Johnny,Wallace
Charles,Anderson
Frances,King
Harry,Medina
Jason,Edwards
Kelly,Cook
Bonnie,Medina
Brian,Stevens
Paul,Chavez
Ryan,Frazier
Amy,Watkins
Mildred,Harper
Patricia,Bowman
Juan,King
Arthur,Reed
Clarence,Matthews
Roy,Burke
Betty,Reid
Paula,Williams
Paula,Jenkins
Douglas,Murray
Shawn,Kelly
Jeremy,Graham
Louis,Fernandez
